﻿<?xml version="1.0" encoding="utf-8"?><ArrayOfEnvironment xmlns:xsi="http://www.w3.org/2001/XMLSchema-instance" xmlns:xsd="http://www.w3.org/2001/XMLSchema"><Environment><Senarios><Scenario><Name>Simple Messaging</Name><Description>...</Description><MaxExpectedCpuUtilizationBizTalk>95</MaxExpectedCpuUtilizationBizTalk><MaxExpectedCpuUtilizationSql>95</MaxExpectedCpuUtilizationSql><MinExpectedDocsProcessed>200</MinExpectedDocsProcessed><MinExpectedDocsReceived>210</MinExpectedDocsReceived></Scenario></Senarios><Name>1BTS + 1SQL</Name><Description>...</Description><NuberOfActiveBizTalkServers>1</NuberOfActiveBizTalkServers><BizTalkServerConfiguration>1*CPU, 4GB RAM</BizTalkServerConfiguration><NuberOfActiveSQLServers>1</NuberOfActiveSQLServers><SQLServerConfiguration>1*CPU, 4GB RAM</SQLServerConfiguration></Environment></ArrayOfEnvironment>