﻿<?xml version="1.0" encoding="utf-8"?>
<ArrayOfScenario xmlns:xsi="http://www.w3.org/2001/XMLSchema-instance" xmlns:xsd="http://www.w3.org/2001/XMLSchema">
  <Scenario>
    <Name>Messaging Single and Multi Message Box</Name>
    <Description>
      1. Loadgen generates a new XML message and sends it over NetTCP
      2. A WCF-NetTCP Receive Location receives a the xml document from Loadgen.
      3. The PassThruReceive pipeline performs no processing and the message is published by the EPM to the MsgBox.
      4. The WCF One-Way Send Port, which is the only subscriber to the message, retrieves the message from the MsgBox
      5. The PassThruTransmit pipeline provides no additional processing
      6. The message is delivered to the back end WCF service by the WCF NetTCP adapter
    </Description>
    <Environments>
      <Environment>
        <Name>1 BTS with SQL</Name>
        <Description>Single server installation</Description>
        <LoadGenScriptFile>Messaging Single and Multi Message Box_001.xml</LoadGenScriptFile>
        <NuberOfActiveBizTalkServers>1</NuberOfActiveBizTalkServers>
        <BizTalkServerConfiguration>1*CPU, 4GB RAM</BizTalkServerConfiguration>
        <NuberOfActiveSQLServers>0</NuberOfActiveSQLServers>
        <SqlServerConfiguration>1*CPU, 4GB RAM</SqlServerConfiguration>
        <MaxExpectedCpuUtilizationBizTalk>95</MaxExpectedCpuUtilizationBizTalk>
        <MaxExpectedCpuUtilizationSql>45</MaxExpectedCpuUtilizationSql>
        <MinExpectedDocsProcessed>100</MinExpectedDocsProcessed>
        <MinExpectedDocsReceived>40</MinExpectedDocsReceived>
      </Environment>
      <Environment>
        <Name>1 BTS + 1 SQL</Name>
        <Description>All host running on 1 server</Description>
        <LoadGenScriptFile>Messaging Single and Multi Message Box_001.xml</LoadGenScriptFile>
        <NuberOfActiveBizTalkServers>1</NuberOfActiveBizTalkServers>
        <BizTalkServerConfiguration>1*CPU, 4GB RAM</BizTalkServerConfiguration>
        <NuberOfActiveSQLServers>1</NuberOfActiveSQLServers>
        <SqlServerConfiguration>1*CPU, 4GB RAM</SqlServerConfiguration>
        <MaxExpectedCpuUtilizationBizTalk>100</MaxExpectedCpuUtilizationBizTalk>
        <MaxExpectedCpuUtilizationSql>30</MaxExpectedCpuUtilizationSql>
        <MinExpectedDocsProcessed>10</MinExpectedDocsProcessed>
        <MinExpectedDocsReceived>10</MinExpectedDocsReceived>
      </Environment>
      <Environment>
        <Name>2 BTS + 1 SQL</Name>
        <Description>R/S host running on separate servers</Description>
        <LoadGenScriptFile>Messaging Single and Multi Message Box_001.xml</LoadGenScriptFile>
        <NuberOfActiveBizTalkServers>2</NuberOfActiveBizTalkServers>
        <BizTalkServerConfiguration>1*CPU, 4GB RAM</BizTalkServerConfiguration>
        <NuberOfActiveSQLServers>1</NuberOfActiveSQLServers>
        <SqlServerConfiguration>1*CPU, 4GB RAM</SqlServerConfiguration>
        <MaxExpectedCpuUtilizationBizTalk>80</MaxExpectedCpuUtilizationBizTalk>
        <MaxExpectedCpuUtilizationSql>40</MaxExpectedCpuUtilizationSql>
        <MinExpectedDocsProcessed>150</MinExpectedDocsProcessed>
        <MinExpectedDocsReceived>100</MinExpectedDocsReceived>
      </Environment>
    </Environments>
  </Scenario>
  <Scenario>
    <Name>Orchestration Single Message Box</Name>
    <Description>
      1. Loadgen generates a new XML message and sends it over NetTCP
      2. A WCF-NetTCP Receive Location receives a the xml document from Loadgen.
      3. The XMLReceive pipeline performs no processing and the message is published by the EPM to the MsgBox
      4. The message is delivered to a simple Orchestration which consists of a receive shape and a send shape
      5. The WCF One-Way Send Port, which is the only subscriber to the Orchestration message, retrieves the message from the MsgBox
      6. The PassThruTransmit pipeline provides no additional processing
      7. The message is delivered to the back end WCF service by the WCF NetTCP adapter
    </Description>
    <Environments>
      <Environment>
        <Name>1 BTS with SQL</Name>
        <Description>Single server installation</Description>
        <LoadGenScriptFile>Orchestration Single Message Box_001.xml</LoadGenScriptFile>
        <NuberOfActiveBizTalkServers>1</NuberOfActiveBizTalkServers>
        <BizTalkServerConfiguration>1*CPU, 4GB RAM</BizTalkServerConfiguration>
        <NuberOfActiveSQLServers>0</NuberOfActiveSQLServers>
        <SqlServerConfiguration>1*CPU, 4GB RAM</SqlServerConfiguration>
        <MaxExpectedCpuUtilizationBizTalk>95</MaxExpectedCpuUtilizationBizTalk>
        <MaxExpectedCpuUtilizationSql>45</MaxExpectedCpuUtilizationSql>
        <MinExpectedDocsProcessed>1000</MinExpectedDocsProcessed>
        <MinExpectedDocsReceived>1000</MinExpectedDocsReceived>
      </Environment>
      <Environment>
        <Name>1 BTS + 1 SQL</Name>
        <Description>All host running on 1 server</Description>
        <LoadGenScriptFile>Orchestration Single Message Box_001.xml</LoadGenScriptFile>
        <NuberOfActiveBizTalkServers>1</NuberOfActiveBizTalkServers>
        <BizTalkServerConfiguration>1*CPU, 4GB RAM</BizTalkServerConfiguration>
        <NuberOfActiveSQLServers>1</NuberOfActiveSQLServers>
        <SqlServerConfiguration>1*CPU, 4GB RAM</SqlServerConfiguration>
        <MaxExpectedCpuUtilizationBizTalk>80</MaxExpectedCpuUtilizationBizTalk>
        <MaxExpectedCpuUtilizationSql>30</MaxExpectedCpuUtilizationSql>
        <MinExpectedDocsProcessed>1300</MinExpectedDocsProcessed>
        <MinExpectedDocsReceived>1300</MinExpectedDocsReceived>
      </Environment>
      <Environment>
        <Name>2 BTS + 1 SQL</Name>
        <Description>R/S host running on separate servers</Description>
        <LoadGenScriptFile>Orchestration Single Message Box_001.xml</LoadGenScriptFile>
        <NuberOfActiveBizTalkServers>2</NuberOfActiveBizTalkServers>
        <BizTalkServerConfiguration>1*CPU, 4GB RAM</BizTalkServerConfiguration>
        <NuberOfActiveSQLServers>1</NuberOfActiveSQLServers>
        <SqlServerConfiguration>1*CPU, 4GB RAM</SqlServerConfiguration>
        <MaxExpectedCpuUtilizationBizTalk>70</MaxExpectedCpuUtilizationBizTalk>
        <MaxExpectedCpuUtilizationSql>40</MaxExpectedCpuUtilizationSql>
        <MinExpectedDocsProcessed>2000</MinExpectedDocsProcessed>
        <MinExpectedDocsReceived>2000</MinExpectedDocsReceived>
      </Environment>
    </Environments>
  </Scenario>
</ArrayOfScenario>