<?xml version="1.0" encoding="utf-8"?>
<BindingInfo xmlns:xsi="http://www.w3.org/2001/XMLSchema-instance" xmlns:xsd="http://www.w3.org/2001/XMLSchema" Assembly="Microsoft.BizTalk.Deployment, Version=3.0.1.0, Culture=neutral, PublicKeyToken=31bf3856ad364e35" Version="3.5.1.0" BindingStatus="FullyBound" BoundEndpoints="8" TotalEndpoints="8">
  <Timestamp>2009-10-30T08:34:14.7084033+01:00</Timestamp>
  <ModuleRefCollection>
    <ModuleRef Name="[Application:BizTalk Benchmark Wizard]" Version="" Culture="" PublicKeyToken="" FullName="[Application:BizTalk Benchmark Wizard], Version=, Culture=, PublicKeyToken=">
      <Services />
      <TrackedSchemas>
        <Schema FullName="XlangOrchestrations.Schema1" RootName="Root" AssemblyQualifiedName="XlangOrchestrations.Schema1,Xlang_EmptySchedule, Version=1.0.0.0, Culture=neutral, PublicKeyToken=fe4ff6a9804943c7" AlwaysTrackAllProperties="false" Description="">
          <TrackedPropertyNames />
        </Schema>
      </TrackedSchemas>
    </ModuleRef>
    <ModuleRef Name="Xlang_EmptySchedule" Version="1.0.0.0" Culture="neutral" PublicKeyToken="fe4ff6a9804943c7" FullName="Xlang_EmptySchedule, Version=1.0.0.0, Culture=neutral, PublicKeyToken=fe4ff6a9804943c7">
      <Services>
        <Service Name="EmptySchedule_Baseline1.SimpleSchedule" State="Unenlisted" TrackingOption="ServiceStartEnd MessageSendReceive OrchestrationEvents" Description="">
          <Ports>
            <Port Name="Port_1" Modifier="2" BindingOption="1">
              <SendPortRef xsi:nil="true" />
              <DistributionListRef xsi:nil="true" />
              <ReceivePortRef Name="Orchestration Single Message Box" />
            </Port>
            <Port Name="Port_2" Modifier="1" BindingOption="1">
              <SendPortRef Name="Orchestration Single Message Box" />
              <DistributionListRef xsi:nil="true" />
              <ReceivePortRef xsi:nil="true" />
            </Port>
          </Ports>
          <Roles />
          <Host Name="BBW_PxHost" NTGroupName="SYSTEMBOLAGET\BTSACC BizTalk Application Users" Type="1" Trusted="false" />
        </Service>
        <Service Name="EmptySchedule_Baseline2.SimpleSchedule" State="Unenlisted" TrackingOption="ServiceStartEnd MessageSendReceive OrchestrationEvents" Description="">
          <Ports>
            <Port Name="Port_1" Modifier="2" BindingOption="1">
              <SendPortRef xsi:nil="true" />
              <DistributionListRef xsi:nil="true" />
              <ReceivePortRef Name="Orchestration Single Message Box" />
            </Port>
            <Port Name="Port_2" Modifier="1" BindingOption="1">
              <SendPortRef Name="Orchestration Single Message Box" />
              <DistributionListRef xsi:nil="true" />
              <ReceivePortRef xsi:nil="true" />
            </Port>
          </Ports>
          <Roles />
          <Host Name="BBW_PxHost" NTGroupName="SYSTEMBOLAGET\BTSACC BizTalk Application Users" Type="1" Trusted="false" />
        </Service>
        <Service Name="EmptySchedule_Baseline4.SimpleSchedule" State="Unenlisted" TrackingOption="ServiceStartEnd MessageSendReceive OrchestrationEvents" Description="">
          <Ports>
            <Port Name="Port_1" Modifier="2" BindingOption="1">
              <SendPortRef xsi:nil="true" />
              <DistributionListRef xsi:nil="true" />
              <ReceivePortRef Name="Orchestration Single Message Box" />
            </Port>
            <Port Name="Port_2" Modifier="1" BindingOption="1">
              <SendPortRef Name="Orchestration Single Message Box" />
              <DistributionListRef xsi:nil="true" />
              <ReceivePortRef xsi:nil="true" />
            </Port>
          </Ports>
          <Roles />
          <Host Name="BBW_PxHost" NTGroupName="SYSTEMBOLAGET\BTSACC BizTalk Application Users" Type="1" Trusted="false" />
        </Service>
        <Service Name="EmptySchedule_Baseline3.SimpleSchedule" State="Unenlisted" TrackingOption="ServiceStartEnd MessageSendReceive OrchestrationEvents" Description="">
          <Ports>
            <Port Name="Port_1" Modifier="2" BindingOption="1">
              <SendPortRef xsi:nil="true" />
              <DistributionListRef xsi:nil="true" />
              <ReceivePortRef Name="Orchestration Single Message Box" />
            </Port>
            <Port Name="Port_2" Modifier="1" BindingOption="1">
              <SendPortRef Name="Orchestration Single Message Box" />
              <DistributionListRef xsi:nil="true" />
              <ReceivePortRef xsi:nil="true" />
            </Port>
          </Ports>
          <Roles />
          <Host Name="BBW_PxHost" NTGroupName="SYSTEMBOLAGET\BTSACC BizTalk Application Users" Type="1" Trusted="false" />
        </Service>
      </Services>
      <TrackedSchemas />
    </ModuleRef>
  </ModuleRefCollection>
  <SendPortCollection>
    <SendPort Name="Orchestration Single Message Box" IsStatic="true" IsTwoWay="false" BindingOption="1">
      <Description>This port is calling the Indigo Service console host.</Description>
      <TransmitPipeline Name="Microsoft.BizTalk.DefaultPipelines.PassThruTransmit" FullyQualifiedName="Microsoft.BizTalk.DefaultPipelines.PassThruTransmit, Microsoft.BizTalk.DefaultPipelines, Version=3.0.1.0, Culture=neutral, PublicKeyToken=31bf3856ad364e35" Type="2" TrackingOption="ServiceStartEnd MessageSendReceive PipelineEvents" Description="" />
      <PrimaryTransport>
        <Address>net.tcp://localhost:2001/TCP1</Address>
        <TransportType Name="WCF-NetTcp" Capabilities="907" ConfigurationClsid="7fd2dfcd-6a7b-44f9-8387-29457fd2eaaf" />
        <TransportTypeData>&lt;CustomProps&gt;&lt;UseSSO vt="11"&gt;0&lt;/UseSSO&gt;&lt;InboundBodyLocation vt="8"&gt;UseBodyElement&lt;/InboundBodyLocation&gt;&lt;InboundBodyPathExpression vt="8" /&gt;&lt;MessageClientCredentialType vt="8"&gt;Windows&lt;/MessageClientCredentialType&gt;&lt;SendTimeout vt="8"&gt;00:01:00&lt;/SendTimeout&gt;&lt;OutboundXmlTemplate vt="8"&gt;&amp;lt;bts-msg-body xmlns="http://www.microsoft.com/schemas/bts2007" encoding="xml"/&amp;gt;&lt;/OutboundXmlTemplate&gt;&lt;OpenTimeout vt="8"&gt;00:01:00&lt;/OpenTimeout&gt;&lt;AlgorithmSuite vt="8"&gt;Basic256&lt;/AlgorithmSuite&gt;&lt;SecurityMode vt="8"&gt;None&lt;/SecurityMode&gt;&lt;TransportClientCredentialType vt="8"&gt;Windows&lt;/TransportClientCredentialType&gt;&lt;ClientCertificate vt="8" /&gt;&lt;TransactionProtocol vt="8"&gt;OleTransactions&lt;/TransactionProtocol&gt;&lt;MaxReceivedMessageSize vt="3"&gt;65536&lt;/MaxReceivedMessageSize&gt;&lt;StaticAction vt="8"&gt;Action&lt;/StaticAction&gt;&lt;TransportProtectionLevel vt="8"&gt;EncryptAndSign&lt;/TransportProtectionLevel&gt;&lt;CloseTimeout vt="8"&gt;00:01:00&lt;/CloseTimeout&gt;&lt;EnableTransaction vt="11"&gt;0&lt;/EnableTransaction&gt;&lt;InboundNodeEncoding vt="8"&gt;Xml&lt;/InboundNodeEncoding&gt;&lt;PropagateFaultMessage vt="11"&gt;-1&lt;/PropagateFaultMessage&gt;&lt;OutboundBodyLocation vt="8"&gt;UseBodyElement&lt;/OutboundBodyLocation&gt;&lt;/CustomProps&gt;</TransportTypeData>
        <RetryCount>3</RetryCount>
        <RetryInterval>5</RetryInterval>
        <ServiceWindowEnabled>false</ServiceWindowEnabled>
        <FromTime>2000-01-01T07:00:00</FromTime>
        <ToTime>2000-01-01T06:59:59</ToTime>
        <Primary>true</Primary>
        <OrderedDelivery>false</OrderedDelivery>
        <DeliveryNotification>1</DeliveryNotification>
        <SendHandler Name="BBW_TxHost" HostTrusted="false">
          <TransportType Name="WCF-NetTcp" Capabilities="907" ConfigurationClsid="7fd2dfcd-6a7b-44f9-8387-29457fd2eaaf" />
        </SendHandler>
      </PrimaryTransport>
      <SecondaryTransport>
        <Address />
        <RetryCount>3</RetryCount>
        <RetryInterval>5</RetryInterval>
        <ServiceWindowEnabled>false</ServiceWindowEnabled>
        <FromTime>2000-01-01T07:00:00</FromTime>
        <ToTime>2000-01-01T06:59:59</ToTime>
        <Primary>false</Primary>
        <OrderedDelivery>false</OrderedDelivery>
        <DeliveryNotification>1</DeliveryNotification>
        <SendHandler xsi:nil="true" />
      </SecondaryTransport>
      <ReceivePipelineData xsi:nil="true" />
      <Tracking>0</Tracking>
      <Filter>&lt;?xml version="1.0" encoding="utf-16"?&gt;
&lt;Filter xmlns:xsi="http://www.w3.org/2001/XMLSchema-instance" xmlns:xsd="http://www.w3.org/2001/XMLSchema" /&gt;</Filter>
      <Transforms />
      <OrderedDelivery>false</OrderedDelivery>
      <Priority>5</Priority>
      <StopSendingOnFailure>false</StopSendingOnFailure>
      <RouteFailedMessage>false</RouteFailedMessage>
      <ApplicationName>BizTalk Benchmark Wizard</ApplicationName>
    </SendPort>
    <SendPort Name="Messaging Single and Multi Message Box" IsStatic="true" IsTwoWay="false" BindingOption="0">
      <Description>This port is calling the Indigo Service console host.</Description>
      <TransmitPipeline Name="Microsoft.BizTalk.DefaultPipelines.PassThruTransmit" FullyQualifiedName="Microsoft.BizTalk.DefaultPipelines.PassThruTransmit, Microsoft.BizTalk.DefaultPipelines, Version=3.0.1.0, Culture=neutral, PublicKeyToken=31bf3856ad364e35" Type="2" TrackingOption="ServiceStartEnd MessageSendReceive PipelineEvents" Description="" />
      <PrimaryTransport>
        <Address>net.tcp://localhost:2001/TCP1</Address>
        <TransportType Name="WCF-NetTcp" Capabilities="907" ConfigurationClsid="7fd2dfcd-6a7b-44f9-8387-29457fd2eaaf" />
        <TransportTypeData>&lt;CustomProps&gt;&lt;UseSSO vt="11"&gt;0&lt;/UseSSO&gt;&lt;InboundBodyLocation vt="8"&gt;UseBodyElement&lt;/InboundBodyLocation&gt;&lt;InboundBodyPathExpression vt="8" /&gt;&lt;MessageClientCredentialType vt="8"&gt;Windows&lt;/MessageClientCredentialType&gt;&lt;SendTimeout vt="8"&gt;00:01:00&lt;/SendTimeout&gt;&lt;OutboundXmlTemplate vt="8"&gt;&amp;lt;bts-msg-body xmlns="http://www.microsoft.com/schemas/bts2007" encoding="xml"/&amp;gt;&lt;/OutboundXmlTemplate&gt;&lt;OpenTimeout vt="8"&gt;00:01:00&lt;/OpenTimeout&gt;&lt;AlgorithmSuite vt="8"&gt;Basic256&lt;/AlgorithmSuite&gt;&lt;SecurityMode vt="8"&gt;None&lt;/SecurityMode&gt;&lt;TransportClientCredentialType vt="8"&gt;Windows&lt;/TransportClientCredentialType&gt;&lt;ClientCertificate vt="8" /&gt;&lt;TransactionProtocol vt="8"&gt;OleTransactions&lt;/TransactionProtocol&gt;&lt;MaxReceivedMessageSize vt="3"&gt;65536&lt;/MaxReceivedMessageSize&gt;&lt;StaticAction vt="8"&gt;Action&lt;/StaticAction&gt;&lt;TransportProtectionLevel vt="8"&gt;EncryptAndSign&lt;/TransportProtectionLevel&gt;&lt;CloseTimeout vt="8"&gt;00:01:00&lt;/CloseTimeout&gt;&lt;EnableTransaction vt="11"&gt;0&lt;/EnableTransaction&gt;&lt;InboundNodeEncoding vt="8"&gt;Xml&lt;/InboundNodeEncoding&gt;&lt;PropagateFaultMessage vt="11"&gt;-1&lt;/PropagateFaultMessage&gt;&lt;OutboundBodyLocation vt="8"&gt;UseBodyElement&lt;/OutboundBodyLocation&gt;&lt;/CustomProps&gt;</TransportTypeData>
        <RetryCount>0</RetryCount>
        <RetryInterval>5</RetryInterval>
        <ServiceWindowEnabled>false</ServiceWindowEnabled>
        <FromTime>2000-01-01T07:00:00</FromTime>
        <ToTime>2000-01-01T06:59:59</ToTime>
        <Primary>true</Primary>
        <OrderedDelivery>false</OrderedDelivery>
        <DeliveryNotification>1</DeliveryNotification>
        <SendHandler Name="BBW_TxHost" HostTrusted="false">
          <TransportType Name="WCF-NetTcp" Capabilities="907" ConfigurationClsid="7fd2dfcd-6a7b-44f9-8387-29457fd2eaaf" />
        </SendHandler>
      </PrimaryTransport>
      <SecondaryTransport>
        <Address />
        <RetryCount>3</RetryCount>
        <RetryInterval>5</RetryInterval>
        <ServiceWindowEnabled>false</ServiceWindowEnabled>
        <FromTime>2000-01-01T07:00:00</FromTime>
        <ToTime>2000-01-01T06:59:59</ToTime>
        <Primary>false</Primary>
        <OrderedDelivery>false</OrderedDelivery>
        <DeliveryNotification>1</DeliveryNotification>
        <SendHandler xsi:nil="true" />
      </SecondaryTransport>
      <ReceivePipelineData xsi:nil="true" />
      <Tracking>0</Tracking>
      <Filter>&lt;?xml version="1.0" encoding="utf-16"?&gt;
&lt;Filter xmlns:xsi="http://www.w3.org/2001/XMLSchema-instance" xmlns:xsd="http://www.w3.org/2001/XMLSchema"&gt;
  &lt;Group&gt;
    &lt;Statement Property="BTS.ReceivePortName" Operator="0" Value="Messaging Single and Multi Message Box" /&gt;
  &lt;/Group&gt;
&lt;/Filter&gt;</Filter>
      <Transforms />
      <OrderedDelivery>false</OrderedDelivery>
      <Priority>5</Priority>
      <StopSendingOnFailure>false</StopSendingOnFailure>
      <RouteFailedMessage>false</RouteFailedMessage>
      <ApplicationName>BizTalk Benchmark Wizard</ApplicationName>
    </SendPort>
  </SendPortCollection>
  <DistributionListCollection />
  <ReceivePortCollection>
    <ReceivePort Name="Orchestration Single Message Box" IsTwoWay="false" BindingOption="1">
      <Description xsi:nil="true" />
      <ReceiveLocations>
        <ReceiveLocation Name="Orchestration Single Message Box">
          <Description>This endpoint is called from LoadGen</Description>
          <Address>net.tcp://localhost:1001/TCP1</Address>
          <PublicAddress />
          <Primary>true</Primary>
          <ReceiveLocationServiceWindowEnabled>false</ReceiveLocationServiceWindowEnabled>
          <ReceiveLocationFromTime>2000-01-01T07:00:00</ReceiveLocationFromTime>
          <ReceiveLocationToTime>2000-01-01T06:59:59</ReceiveLocationToTime>
          <ReceiveLocationStartDateEnabled>false</ReceiveLocationStartDateEnabled>
          <ReceiveLocationStartDate>2009-05-31T00:00:00</ReceiveLocationStartDate>
          <ReceiveLocationEndDateEnabled>false</ReceiveLocationEndDateEnabled>
          <ReceiveLocationEndDate>2009-06-01T23:59:59</ReceiveLocationEndDate>
          <ReceiveLocationTransportType Name="WCF-NetTcp" Capabilities="907" ConfigurationClsid="7fd2dfcd-6a7b-44f9-8387-29457fd2eaaf" />
          <ReceiveLocationTransportTypeData>&lt;CustomProps&gt;&lt;ServiceCertificate vt="8" /&gt;&lt;InboundBodyLocation vt="8"&gt;UseBodyElement&lt;/InboundBodyLocation&gt;&lt;UseSSO vt="11"&gt;0&lt;/UseSSO&gt;&lt;MessageClientCredentialType vt="8"&gt;Windows&lt;/MessageClientCredentialType&gt;&lt;InboundBodyPathExpression vt="8" /&gt;&lt;SendTimeout vt="8"&gt;00:01:00&lt;/SendTimeout&gt;&lt;OutboundXmlTemplate vt="8"&gt;&amp;lt;bts-msg-body xmlns="http://www.microsoft.com/schemas/bts2007" encoding="xml"/&amp;gt;&lt;/OutboundXmlTemplate&gt;&lt;OpenTimeout vt="8"&gt;00:01:00&lt;/OpenTimeout&gt;&lt;AlgorithmSuite vt="8"&gt;Basic256&lt;/AlgorithmSuite&gt;&lt;LeaseTimeout vt="8"&gt;00:05:00&lt;/LeaseTimeout&gt;&lt;SecurityMode vt="8"&gt;None&lt;/SecurityMode&gt;&lt;TransportClientCredentialType vt="8"&gt;Windows&lt;/TransportClientCredentialType&gt;&lt;TransactionProtocol vt="8"&gt;OleTransactions&lt;/TransactionProtocol&gt;&lt;MaxReceivedMessageSize vt="3"&gt;65536&lt;/MaxReceivedMessageSize&gt;&lt;TransportProtectionLevel vt="8"&gt;EncryptAndSign&lt;/TransportProtectionLevel&gt;&lt;CloseTimeout vt="8"&gt;00:01:00&lt;/CloseTimeout&gt;&lt;SuspendMessageOnFailure vt="11"&gt;0&lt;/SuspendMessageOnFailure&gt;&lt;EnableTransaction vt="11"&gt;0&lt;/EnableTransaction&gt;&lt;InboundNodeEncoding vt="8"&gt;Xml&lt;/InboundNodeEncoding&gt;&lt;IncludeExceptionDetailInFaults vt="11"&gt;0&lt;/IncludeExceptionDetailInFaults&gt;&lt;MaxConcurrentCalls vt="3"&gt;200&lt;/MaxConcurrentCalls&gt;&lt;OutboundBodyLocation vt="8"&gt;UseBodyElement&lt;/OutboundBodyLocation&gt;&lt;/CustomProps&gt;</ReceiveLocationTransportTypeData>
          <ReceivePipeline Name="Microsoft.BizTalk.DefaultPipelines.XMLReceive" FullyQualifiedName="Microsoft.BizTalk.DefaultPipelines.XMLReceive, Microsoft.BizTalk.DefaultPipelines, Version=3.0.1.0, Culture=neutral, PublicKeyToken=31bf3856ad364e35" Type="1" TrackingOption="ServiceStartEnd MessageSendReceive PipelineEvents" Description="" />
          <ReceivePipelineData xsi:nil="true" />
          <SendPipeline xsi:nil="true" />
          <SendPipelineData xsi:nil="true" />
          <Enable>false</Enable>
          <ReceiveHandler Name="BBW_RxHost" HostTrusted="false">
            <TransportType Name="WCF-NetTcp" Capabilities="907" ConfigurationClsid="7fd2dfcd-6a7b-44f9-8387-29457fd2eaaf" />
          </ReceiveHandler>
        </ReceiveLocation>
      </ReceiveLocations>
      <SendPipelineData xsi:nil="true" />
      <Authentication>0</Authentication>
      <Tracking>0</Tracking>
      <Transforms />
      <RouteFailedMessage>false</RouteFailedMessage>
      <ApplicationName>BizTalk Benchmark Wizard</ApplicationName>
    </ReceivePort>
    <ReceivePort Name="Messaging Single and Multi Message Box" IsTwoWay="false" BindingOption="0">
      <Description xsi:nil="true" />
      <ReceiveLocations>
        <ReceiveLocation Name="Messaging Single and Multi Message Box">
          <Description>This endpoint is called from LoadGen</Description>
          <Address>net.tcp://localhost:1002/TCP1</Address>
          <PublicAddress />
          <Primary>true</Primary>
          <ReceiveLocationServiceWindowEnabled>false</ReceiveLocationServiceWindowEnabled>
          <ReceiveLocationFromTime>2000-01-01T07:00:00</ReceiveLocationFromTime>
          <ReceiveLocationToTime>2000-01-01T06:59:59</ReceiveLocationToTime>
          <ReceiveLocationStartDateEnabled>false</ReceiveLocationStartDateEnabled>
          <ReceiveLocationStartDate>2009-05-31T00:00:00</ReceiveLocationStartDate>
          <ReceiveLocationEndDateEnabled>false</ReceiveLocationEndDateEnabled>
          <ReceiveLocationEndDate>2009-06-01T23:59:59</ReceiveLocationEndDate>
          <ReceiveLocationTransportType Name="WCF-NetTcp" Capabilities="907" ConfigurationClsid="7fd2dfcd-6a7b-44f9-8387-29457fd2eaaf" />
          <ReceiveLocationTransportTypeData>&lt;CustomProps&gt;&lt;ServiceCertificate vt="8" /&gt;&lt;InboundBodyLocation vt="8"&gt;UseBodyElement&lt;/InboundBodyLocation&gt;&lt;UseSSO vt="11"&gt;0&lt;/UseSSO&gt;&lt;MessageClientCredentialType vt="8"&gt;Windows&lt;/MessageClientCredentialType&gt;&lt;InboundBodyPathExpression vt="8" /&gt;&lt;SendTimeout vt="8"&gt;00:01:00&lt;/SendTimeout&gt;&lt;OutboundXmlTemplate vt="8"&gt;&amp;lt;bts-msg-body xmlns="http://www.microsoft.com/schemas/bts2007" encoding="xml"/&amp;gt;&lt;/OutboundXmlTemplate&gt;&lt;OpenTimeout vt="8"&gt;00:01:00&lt;/OpenTimeout&gt;&lt;AlgorithmSuite vt="8"&gt;Basic256&lt;/AlgorithmSuite&gt;&lt;LeaseTimeout vt="8"&gt;00:05:00&lt;/LeaseTimeout&gt;&lt;SecurityMode vt="8"&gt;None&lt;/SecurityMode&gt;&lt;TransportClientCredentialType vt="8"&gt;Windows&lt;/TransportClientCredentialType&gt;&lt;TransactionProtocol vt="8"&gt;OleTransactions&lt;/TransactionProtocol&gt;&lt;MaxReceivedMessageSize vt="3"&gt;65536&lt;/MaxReceivedMessageSize&gt;&lt;TransportProtectionLevel vt="8"&gt;EncryptAndSign&lt;/TransportProtectionLevel&gt;&lt;CloseTimeout vt="8"&gt;00:01:00&lt;/CloseTimeout&gt;&lt;SuspendMessageOnFailure vt="11"&gt;0&lt;/SuspendMessageOnFailure&gt;&lt;EnableTransaction vt="11"&gt;0&lt;/EnableTransaction&gt;&lt;InboundNodeEncoding vt="8"&gt;Xml&lt;/InboundNodeEncoding&gt;&lt;IncludeExceptionDetailInFaults vt="11"&gt;0&lt;/IncludeExceptionDetailInFaults&gt;&lt;MaxConcurrentCalls vt="3"&gt;200&lt;/MaxConcurrentCalls&gt;&lt;OutboundBodyLocation vt="8"&gt;UseBodyElement&lt;/OutboundBodyLocation&gt;&lt;/CustomProps&gt;</ReceiveLocationTransportTypeData>
          <ReceivePipeline Name="Microsoft.BizTalk.DefaultPipelines.XMLReceive" FullyQualifiedName="Microsoft.BizTalk.DefaultPipelines.XMLReceive, Microsoft.BizTalk.DefaultPipelines, Version=3.0.1.0, Culture=neutral, PublicKeyToken=31bf3856ad364e35" Type="1" TrackingOption="ServiceStartEnd MessageSendReceive PipelineEvents" Description="" />
          <ReceivePipelineData xsi:nil="true" />
          <SendPipeline xsi:nil="true" />
          <SendPipelineData xsi:nil="true" />
          <Enable>false</Enable>
          <ReceiveHandler Name="BBW_RxHost" HostTrusted="false">
            <TransportType Name="WCF-NetTcp" Capabilities="907" ConfigurationClsid="7fd2dfcd-6a7b-44f9-8387-29457fd2eaaf" />
          </ReceiveHandler>
        </ReceiveLocation>
      </ReceiveLocations>
      <SendPipelineData xsi:nil="true" />
      <Authentication>0</Authentication>
      <Tracking>0</Tracking>
      <Transforms />
      <RouteFailedMessage>false</RouteFailedMessage>
      <ApplicationName>BizTalk Benchmark Wizard</ApplicationName>
    </ReceivePort>
  </ReceivePortCollection>
  <PartyCollection />
</BindingInfo>